#权限表
INSERT INTO `autods_permissions` (`id`, `parent_id`, `name`, `display_name`, `type`, `url`, `guard_name`, `sort`, `created_at`, `updated_at`)
VALUES
	(15, 0, 'user', '用户管理', 1, '', 'web', 12, '2020-04-17 16:16:44', '2020-04-18 17:22:13'),
	(16, 15, 'user.list', '列表', 1, '', 'web', 1, '2020-04-17 16:18:35', '2020-04-18 17:28:56'),
	(17, 15, 'user.show', '详情', 1, '', 'web', 1, '2020-04-17 16:19:11', '2020-04-18 17:29:03'),
	(18, 0, 'project', '项目管理', 1, '', 'web', 10, '2020-04-17 20:15:04', '2020-04-18 17:22:36'),
	(19, 18, 'project.list', '列表', 1, '', 'web', 1, '2020-04-17 20:17:40', '2020-04-18 16:30:25'),
	(20, 18, 'project.add', '新增', 1, '', 'web', 2, '2020-04-17 20:18:32', '2020-04-18 16:45:14'),
	(21, 0, 'workspace', '部门管理', 1, '', 'web', 11, '2020-04-18 15:45:27', '2020-04-25 15:33:23'),
	(22, 21, 'workspace.list', '部门-列表', 1, '', 'web', 1, '2020-04-18 15:48:42', '2020-04-25 15:33:45'),
	(23, 21, 'workspace.add', '部门-新增', 1, '', 'web', 1, '2020-04-18 15:48:55', '2020-04-25 15:33:52'),
	(24, 21, 'workspace.edit', '部门-编辑', 1, '', 'web', 1, '2020-04-18 15:49:06', '2020-04-25 15:33:58'),
	(25, 21, 'workspace.update', '部门-更新', 1, '', 'web', 1, '2020-04-18 15:49:41', '2020-04-25 15:34:05'),
	(26, 21, 'workspace.show', '部门-明细', 1, '', 'web', 1, '2020-04-18 15:49:52', '2020-04-25 15:34:13'),
	(27, 21, 'workspace.delete', '部门-删除', 1, '', 'web', 1, '2020-04-18 15:50:05', '2020-04-25 15:34:20'),
	(28, 21, 'workspace.user.list', '部门用户-列表', 1, '', 'web', 1, '2020-04-18 15:50:53', '2020-04-25 15:34:29'),
	(29, 21, 'workspace.user.add', '部门用户-新增', 1, '', 'web', 1, '2020-04-18 15:51:05', '2020-04-25 15:34:37'),
	(30, 21, 'workspace.user.delete', '部门用户-删除', 1, '', 'web', 1, '2020-04-18 15:51:27', '2020-04-25 15:34:45'),
	(31, 0, 'permission', '权限管理', 1, '', 'web', 8, '2020-04-18 16:53:33', '2020-04-18 17:24:38'),
	(34, 31, 'permission.list', '列表', 1, '', 'web', 10, '2020-04-18 16:58:12', '2020-04-18 17:21:19'),
	(35, 31, 'permission.add', '新增', 1, '', 'web', 2, '2020-04-18 17:16:43', '2020-04-18 17:17:03'),
	(36, 31, 'permission.update', '编辑', 1, '', 'web', 0, '2020-04-18 17:18:15', '2020-04-18 17:18:15'),
	(37, 31, 'permission.delete', '删除', 1, '', 'web', 2, '2020-04-18 17:22:00', '2020-04-18 17:22:00'),
	(38, 31, 'permission.top', '一级权限', 1, '', 'web', 0, '2020-04-18 17:23:28', '2020-04-18 17:23:28'),
	(39, 0, 'task', '部署管理', 1, '', 'web', 9, '2020-04-18 17:23:54', '2020-04-18 17:23:54'),
	(40, 0, 'system', '系统管理', 1, '', 'web', 7, '2020-04-18 17:25:18', '2020-04-18 17:33:56'),
	(41, 0, 'config', '配置管理', 1, '', 'web', 7, '2020-04-18 17:25:39', '2020-04-18 17:25:39'),
	(42, 40, 'system.user.info', '个人中心', 1, '', 'web', 0, '2020-04-18 17:27:38', '2020-04-18 17:33:49'),
	(43, 15, 'user.add', '新增', 1, '', 'web', 0, '2020-04-18 17:29:27', '2020-04-18 17:29:27'),
	(44, 15, 'user.update', '更新', 1, '', 'web', 0, '2020-04-18 17:29:39', '2020-04-18 17:29:39'),
	(45, 15, 'user.delete', '删除', 1, '', 'web', 0, '2020-04-18 17:32:38', '2020-04-18 17:32:38'),
	(46, 41, 'config.group.list', '配置组-列表', 1, '', 'web', 14, '2020-04-18 17:35:44', '2020-04-18 17:40:31'),
	(47, 41, 'config.group.add', '配置组-新增', 1, '', 'web', 13, '2020-04-18 17:35:59', '2020-04-18 17:40:38'),
	(48, 41, 'config.group.edit', '配置组-更新', 1, '', 'web', 12, '2020-04-18 17:36:20', '2020-04-18 17:41:45'),
	(49, 41, 'config.group.delete', '配置组-删除', 1, '', 'web', 11, '2020-04-18 17:36:35', '2020-04-18 17:51:53'),
	(50, 41, 'config.configuration.add', '配置项-新增', 1, '', 'web', 0, '2020-04-18 17:38:15', '2020-04-18 17:38:15'),
	(51, 41, 'config.configuration.update', '配置项-更新', 1, '', 'web', 0, '2020-04-18 17:39:32', '2020-04-18 17:39:32'),
	(52, 41, 'config.configuration.list', '配置项-列表', 1, '', 'web', 10, '2020-04-18 17:39:55', '2020-04-18 17:39:55'),
	(53, 0, 'environment', '环境管理', 1, '', 'web', 9, '2020-04-18 17:55:58', '2020-04-18 17:56:10'),
	(54, 53, 'environment.list', '列表', 1, '', 'web', 0, '2020-04-18 17:56:27', '2020-04-18 17:56:27'),
	(55, 53, 'environment.add', '新增', 1, '', 'web', 0, '2020-04-18 17:57:17', '2020-04-18 17:57:17'),
	(56, 53, 'environment.update', '更新', 1, '', 'web', 0, '2020-04-18 17:57:29', '2020-04-18 17:57:29'),
	(57, 53, 'environment.delete', '删除', 1, '', 'web', 0, '2020-04-18 17:57:43', '2020-04-18 17:57:43'),
	(58, 39, 'task.project.classification', '分类', 1, '', 'web', 0, '2020-04-18 18:01:56', '2020-04-18 18:03:00'),
	(59, 39, 'task.list', '列表', 1, '', 'web', 0, '2020-04-18 18:02:10', '2020-04-18 18:02:48'),
	(60, 39, 'task.add', '新增', 1, '', 'web', 0, '2020-04-18 18:02:23', '2020-04-18 18:03:11'),
	(61, 39, 'task.update', '更新', 1, '', 'web', 0, '2020-04-18 18:02:40', '2020-04-18 18:02:40'),
	(62, 39, 'task.show', '明细', 1, '', 'web', 0, '2020-04-18 18:04:15', '2020-04-18 18:04:15'),
	(63, 39, 'task.delete', '删除', 1, '', 'web', 0, '2020-04-18 18:04:26', '2020-04-18 18:04:26'),
	(64, 39, 'task.branch', '拉取branch', 1, '', 'web', 0, '2020-04-18 18:04:43', '2020-04-20 16:58:51'),
	(65, 39, 'task.version', '拉取commit历史', 2, '', 'web', 0, '2020-04-18 18:05:09', '2020-04-18 18:05:09'),
	(66, 39, 'task.audit', '审核', 2, '', 'web', 0, '2020-04-18 18:05:34', '2020-04-18 18:05:34'),
	(67, 39, 'task.rollback', '回滚', 2, '', 'web', 0, '2020-04-18 18:06:21', '2020-04-18 18:06:21'),
	(68, 39, 'task.upload', '部署', 1, '', 'web', 0, '2020-04-18 18:07:05', '2020-04-20 15:06:09'),
	(70, 0, 'roles', '角色管理', 1, '', 'web', 0, '2020-04-19 00:07:48', '2020-04-19 00:15:12'),
	(71, 70, 'roles.update', '更新', 1, '', 'web', 0, '2020-04-19 00:13:05', '2020-04-19 00:13:05'),
	(72, 70, 'roles.permission', '赋权', 1, '', 'web', 0, '2020-04-19 00:14:51', '2020-04-19 00:15:01'),
	(73, 39, 'task.md5', 'MD5校对', 1, '', 'web', 0, '2020-04-19 22:11:30', '2020-04-19 22:11:30'),
	(74, 18, 'project.edit', '编辑', 1, '', 'web', 0, '2020-04-20 10:11:26', '2020-04-20 10:11:41'),
	(75, 18, 'project.slb', '阿里云slb', 1, '', 'web', 1, '2020-04-25 18:23:12', '2020-04-25 18:23:12'),
	(76, 18, 'project.show', '项目明细', 1, '', 'web', 0, '2020-04-25 19:34:53', '2020-04-25 19:34:53'),
	(77, 70, 'roles.list', '列表', 1, '', 'web', 1, '2020-04-25 19:37:17', '2020-04-25 19:37:17'),
	(78, 18, 'project.all', '所有项目', 1, '', 'web', 0, '2020-04-25 19:59:55', '2020-04-25 19:59:55'),
	(80, 18, 'project.update', '更新', 1, '', 'web', 0, '2020-04-25 20:22:47', '2020-04-25 20:22:47');


## admin的权限
INSERT INTO `autods_role_has_permissions` (`permission_id`, `role_id`)
VALUES
	(15, 1),
	(16, 1),
	(17, 1),
	(18, 1),
	(19, 1),
	(20, 1),
	(21, 1),
	(22, 1),
	(23, 1),
	(24, 1),
	(25, 1),
	(26, 1),
	(27, 1),
	(28, 1),
	(29, 1),
	(30, 1),
	(31, 1),
	(34, 1),
	(35, 1),
	(36, 1),
	(37, 1),
	(38, 1),
	(39, 1),
	(40, 1),
	(41, 1),
	(42, 1),
	(43, 1),
	(44, 1),
	(45, 1),
	(46, 1),
	(47, 1),
	(48, 1),
	(49, 1),
	(50, 1),
	(51, 1),
	(52, 1),
	(53, 1),
	(54, 1),
	(55, 1),
	(56, 1),
	(57, 1),
	(58, 1),
	(59, 1),
	(60, 1),
	(61, 1),
	(62, 1),
	(63, 1),
	(64, 1),
	(65, 1),
	(66, 1),
	(67, 1),
	(68, 1),
	(70, 1),
	(71, 1),
	(72, 1),
	(73, 1),
	(74, 1),
	(75, 1),
	(76, 1),
	(77, 1),
	(21, 2),
	(22, 2),
	(23, 2),
	(24, 2),
	(25, 2),
	(26, 2),
	(27, 2),
	(28, 2),
	(29, 2),
	(30, 2),
	(39, 2),
	(40, 2),
	(42, 2),
	(58, 2),
	(59, 2),
	(60, 2),
	(61, 2),
	(62, 2),
	(63, 2),
	(64, 2),
	(65, 2),
	(66, 2),
	(67, 2),
	(68, 2),
	(73, 2),
	(40, 3),
	(42, 3),
	(58, 3),
	(59, 3),
	(60, 3),
	(61, 3),
	(62, 3),
	(63, 3),
	(64, 3),
	(65, 3),
	(66, 3),
	(67, 3),
	(68, 3),
	(40, 4),
	(42, 4),
	(58, 4),
	(59, 4),
	(60, 4),
	(61, 4),
	(62, 4),
	(63, 4),
	(64, 4),
	(65, 4),
	(67, 4),
	(68, 4),
	(73, 4);

## 模型权限
INSERT INTO `autods_model_has_roles` (`role_id`, `model_type`, `model_id`)
VALUES
	(1, 'App\\Model\\User', 1);

## 环境
INSERT INTO `autods_environment` (`id`, `name`, `alias`, `created_at`, `updated_at`, `deleted_at`)
VALUES
	(1, '开发环境', 'dev', '2020-04-03 14:12:34', '2020-04-13 14:44:21', NULL),
	(2, '测试环境', 'test', '2020-04-03 14:12:41', '2020-04-13 15:09:10', NULL),
	(3, '预发布环境', 'beta', '2020-04-03 14:12:46', '2020-04-13 14:44:26', NULL),
	(4, '正式环境', 'prod', '2020-04-03 14:12:53', '2020-04-13 14:44:29', NULL);


## 角色固定
INSERT INTO `autods_roles` (`id`, `name`, `description`, `guard_name`, `created_at`, `updated_at`)
VALUES
	(1, '超级管理员', 'super', 'web', '2020-03-30 15:23:40', '2020-04-18 22:46:56'),
	(2, '部门管理员', 'owner', 'web', '2020-04-01 21:33:23', '2020-04-19 20:57:08'),
	(3, '部门审核人', 'master', 'web', '2020-04-01 21:33:48', '2020-04-19 20:57:18'),
	(4, '开发者', 'developer', 'web', '2020-04-01 21:33:54', '2020-04-01 21:34:25');

##初始账号 账号admin 密码123456
INSERT INTO `autods_users` (`user_id`, `username`, `password`, `email`, `nick_name`, `sex`, `avatar`, `remember_token`, `status`, `created_at`, `updated_at`, `deleted_at`)
VALUES
	(1, 'admin', '$2y$10$bSCWa4E6vgsw2nsdeXxLh.OqkEMW8bcsAeNGIIr8W7J8h0nxx2DCW', 'admin@qmai.cn', '超级管理员', 1, 'https://file.iviewui.com/dist/a0e88e83800f138b94d2414621bd9704.png', 'b315ef47ae4020fc76ceb430f6e70e5f', 1, '2020-03-30 14:54:11', '2020-04-20 15:44:30', NULL);
